customerID,gender,SeniorCitizen,Partner,Dependents,tenure,PhoneService,MultipleLines,InternetService,OnlineSecurity,OnlineBackup,DeviceProtection,TechSupport,StreamingTV,StreamingMovies,Contract,PaperlessBilling,PaymentMethod,MonthlyCharges,TotalCharges,Churn
3354-OADJP,Female,0,No,No,8,Yes,No,DSL,Yes,No,No,Yes,No,No,One year,No,Bank transfer (automatic),54.25,447.75,No
2969-WGHQO,Female,0,Yes,Yes,7,Yes,No,DSL,Yes,Yes,Yes,No,Yes,No,One year,No,Electronic check,69.45,477.05,No
2775-SEFEE,Male,0,No,Yes,0,Yes,Yes,DSL,Yes,Yes,No,Yes,No,No,Two year,Yes,Bank transfer (automatic),61.9,0.0,No
2696-NARTR,Male,0,No,No,11,Yes,No,Fiber optic,No,No,No,Yes,No,No,Month-to-month,Yes,Electronic check,73.85,926.25,Yes
0962-CQPWQ,Female,0,Yes,Yes,62,Yes,No,No,No internet service,No internet service,No internet service,No internet service,No internet service,No internet service,Two year,No,Bank transfer (automatic),20.3,1296.15,No
1414-YADCW,Male,0,Yes,No,70,Yes,No,Fiber optic,Yes,Yes,No,Yes,No,No,Two year,No,Bank transfer (automatic),84.6,5706.2,No
4957-TREIR,Male,0,No,No,3,Yes,No,DSL,Yes,No,No,Yes,Yes,No,Month-to-month,Yes,Credit card (automatic),64.4,195.65,No
0048-PIHNL,Female,0,Yes,No,49,Yes,No,No,No internet service,No internet service,No internet service,No internet service,No internet service,No internet service,One year,No,Bank transfer (automatic),20.45,900.9,No
2254-DLXRI,Female,0,No,No,1,Yes,Yes,Fiber optic,No,Yes,No,No,No,No,Month-to-month,Yes,Mailed check,79.15,79.15,No
8919-FYFQZ,Male,1,Yes,No,44,No,No phone service,DSL,No,Yes,No,No,No,No,Month-to-month,Yes,Electronic check,30.35,1359.7,Yes
5598-IKHQQ,Female,0,No,No,72,Yes,Yes,No,No internet service,No internet service,No internet service,No internet service,No internet service,No internet service,Two year,No,Credit card (automatic),25.45,1866.45,No
6158-DWPZT,Male,0,Yes,No,9,No,No phone service,DSL,No,No,No,No,No,No,One year,No,Bank transfer (automatic),24.1,259.8,Yes
1740-CSDJP,Male,0,No,No,1,No,No phone service,DSL,No,No,No,No,No,Yes,Month-to-month,Yes,Bank transfer (automatic),35.25,35.25,Yes
1017-FBQMM,Female,0,Yes,Yes,62,Yes,Yes,Fiber optic,No,Yes,No,Yes,Yes,Yes,One year,Yes,Credit card (automatic),106.05,6703.5,No
5811-IWXYM,Female,0,Yes,Yes,52,Yes,Yes,Fiber optic,No,No,Yes,No,Yes,Yes,One year,No,Bank transfer (automatic),101.25,5301.1,No
0375-HVGXO,Female,0,No,No,1,No,No phone service,DSL,No,No,No,No,Yes,No,Month-to-month,Yes,Electronic check,34.7,34.7,Yes
7005-CYUIL,Female,1,Yes,No,71,Yes,No,Fiber optic,Yes,Yes,Yes,Yes,Yes,No,Two year,Yes,Electronic check,99.4,7168.25,No
0330-IVZHA,Female,0,Yes,No,5,Yes,No,Fiber optic,No,No,No,No,No,No,Month-to-month,No,Electronic check,69.95,330.15,Yes
9971-ZWPBF,Male,1,Yes,Yes,34,Yes,Yes,Fiber optic,No,Yes,Yes,Yes,Yes,Yes,Month-to-month,Yes,Electronic check,108.9,3625.2,No
6778-YSNIH,Female,0,No,No,2,Yes,No,DSL,No,Yes,No,No,Yes,No,Month-to-month,Yes,Electronic check,59.0,114.15,No
5804-JMYIO,Female,0,Yes,Yes,39,Yes,No,No,No internet service,No internet service,No internet service,No internet service,No internet service,No internet service,Two year,No,Mailed check,19.75,757.95,No
2519-TWKFS,Male,0,Yes,Yes,25,Yes,Yes,DSL,No,No,No,Yes,No,No,One year,Yes,Mailed check,55.1,1466.1,No
8752-IMQOS,Male,0,Yes,Yes,5,Yes,No,No,No internet service,No internet service,No internet service,No internet service,No internet service,No internet service,One year,No,Mailed check,20.1,85.1,No
8966-KZXXA,Male,0,Yes,Yes,36,Yes,Yes,No,No internet service,No internet service,No internet service,No internet service,No internet service,No internet service,Two year,No,Credit card (automatic),25.1,930.95,No
5649-ANRML,Male,1,No,No,2,Yes,No,Fiber optic,No,Yes,Yes,Yes,No,Yes,Month-to-month,Yes,Credit card (automatic),95.1,180.25,Yes
5126-RCXYW,Male,0,Yes,Yes,54,No,No phone service,DSL,No,No,Yes,Yes,No,Yes,Two year,No,Credit card (automatic),46.0,2424.05,No
9529-OFXHY,Male,0,No,No,15,Yes,Yes,Fiber optic,Yes,No,No,No,Yes,No,Month-to-month,Yes,Bank transfer (automatic),87.75,1242.2,No
2308-STERM,Female,0,No,No,2,Yes,No,No,No internet service,No internet service,No internet service,No internet service,No internet service,No internet service,Month-to-month,No,Mailed check,19.4,61.05,No
2369-UAPKZ,Male,0,No,No,5,Yes,Yes,Fiber optic,No,Yes,Yes,No,Yes,Yes,Month-to-month,No,Mailed check,104.1,541.9,Yes
2754-SDJRD,Female,1,No,No,8,Yes,Yes,Fiber optic,No,No,No,Yes,Yes,Yes,Month-to-month,Yes,Credit card (automatic),100.15,908.55,No
5299-SJCZT,Male,0,No,No,3,Yes,Yes,Fiber optic,No,No,Yes,No,Yes,Yes,Month-to-month,Yes,Bank transfer (automatic),101.55,298.35,Yes
7198-GLXTC,Male,0,No,No,2,Yes,No,Fiber optic,No,No,No,No,Yes,No,Month-to-month,No,Electronic check,79.0,143.65,Yes
1045-LTCYT,Female,0,Yes,Yes,8,Yes,No,No,No internet service,No internet service,No internet service,No internet service,No internet service,No internet service,Month-to-month,No,Credit card (automatic),21.05,139.75,No
2585-KTFRE,Male,0,No,Yes,1,Yes,No,DSL,Yes,Yes,No,Yes,No,Yes,Month-to-month,Yes,Bank transfer (automatic),70.45,70.45,No
5542-TBBWB,Male,0,No,No,1,Yes,No,Fiber optic,No,No,No,No,No,No,Month-to-month,Yes,Electronic check,69.9,69.9,No
3400-ESFUW,Male,0,Yes,Yes,55,Yes,No,DSL,Yes,Yes,No,Yes,No,No,Two year,No,Bank transfer (automatic),57.55,3046.4,Yes
2057-ZBLPD,Female,0,Yes,No,21,Yes,Yes,Fiber optic,No,No,No,No,No,Yes,Month-to-month,Yes,Electronic check,86.5,1808.7,Yes
2933-XEUJM,Female,0,No,No,46,Yes,Yes,DSL,Yes,No,Yes,No,Yes,Yes,Two year,No,Mailed check,79.2,3593.8,No
3259-FDWOY,Male,0,Yes,Yes,71,Yes,Yes,Fiber optic,No,Yes,Yes,No,Yes,Yes,Two year,Yes,Bank transfer (automatic),106.0,7723.7,Yes
0928-XUTSN,Female,0,No,No,13,Yes,No,Fiber optic,No,No,No,No,No,Yes,Month-to-month,Yes,Electronic check,80.5,1011.8,No
2873-ZLIWT,Female,0,Yes,Yes,40,Yes,Yes,Fiber optic,No,No,Yes,Yes,No,No,Month-to-month,Yes,Electronic check,84.85,3303.05,Yes
6586-PSJOX,Male,0,No,Yes,15,Yes,No,DSL,No,No,Yes,Yes,No,No,One year,No,Credit card (automatic),55.2,864.55,No
6048-UWKAL,Female,1,Yes,No,69,Yes,Yes,Fiber optic,No,Yes,No,Yes,Yes,Yes,Two year,No,Credit card (automatic),105.4,6998.95,No
7120-RFMVS,Male,0,No,No,1,Yes,Yes,Fiber optic,No,No,No,No,Yes,No,Month-to-month,No,Electronic check,84.5,84.5,Yes
2535-PBCGC,Female,0,Yes,No,70,No,No phone service,DSL,Yes,Yes,Yes,Yes,Yes,Yes,Two year,No,Bank transfer (automatic),64.55,4504.9,No
9912-OMZDS,Female,0,Yes,Yes,59,Yes,Yes,Fiber optic,No,Yes,Yes,No,Yes,Yes,One year,Yes,Electronic check,106.15,6256.2,No
0191-ZHSKZ,Male,1,No,No,30,Yes,No,DSL,Yes,Yes,No,No,Yes,Yes,Month-to-month,Yes,Electronic check,74.75,2111.3,No
1775-KWJKQ,Male,0,Yes,Yes,72,Yes,Yes,DSL,Yes,Yes,Yes,Yes,Yes,Yes,Two year,No,Credit card (automatic),89.85,6562.9,No
5816-SCGFC,Female,1,No,No,7,Yes,No,DSL,No,Yes,No,No,No,No,Month-to-month,Yes,Mailed check,51.3,419.35,No
6777-TGHTM,Female,0,No,No,53,Yes,Yes,Fiber optic,Yes,No,Yes,No,Yes,Yes,One year,Yes,Credit card (automatic),106.95,5785.5,Yes
